0,1,2,3,4,5,6,7,8,9,10,11,12,13,14,15,16,17,18,19,20,21,22,23,24,25,26,27,28,29,30,31,32,33,34,35,36,37,38,39,40,41,42,43,44,45,46,47,48,49,50,51,52,53,54,55,56,57,58,59,60,61,62,63,64,65,66,67,68,69,70,71,72,73,74,75,76,77,78,79,80,81,82,83,84,85,86,87,88,89,90,91,92,93,94,95,96,97,98,99,100,101,102,103,104,105,106,107,108,109,110,111,112,113,114,115,116,117,118,119,120,121,122,123,124,125,126,127,128,129,130,131,132,133,134,135,136,137,138,139,140,141,142,143,144,145,146,147,148,149,150,151,152,153,154,155,156,157,158,159,160,161,162,163,164,165,166,167,168,169,170,171,172,173,174,175,176,177,178,179,180,181,182,183,184,185,186,187,188,189,190,191,192,193,194,195,196,197,198,199,200,201,202,203,204,205,206,207,208,209,210,211,212,213,214,215,216,217,218,219,220,221,222,223,224,225,226,227,228,229,230,231,232,233,234,235,236,237,238,239,240,241,242,243,244,245,246,247,248,249,250,251,252,253,254,255
0.0,1.47924617615e-05,0.0,0.0,0.0,0.0,0.0,0.0,0.0,0.00378687021094,0.314265850123,0.0,1.47924617615e-05,0.0230466554244,0.0,0.0,0.0,0.0,0.0,0.0,0.0,0.0,0.0,0.0,0.0,0.0,0.0,1.47924617615e-05,0.0,0.0,0.0,0.0,0.0604863761427,0.00255909588474,0.00167154817905,0.0210200881631,0.00362415313156,4.43773852845e-05,2.9584923523e-05,7.39623088074e-05,0.027972545191,0.0,0.00387562498151,2.9584923523e-05,0.0,0.00137569894382,0.026419336706,0.227227005118,0.000458566314606,0.00079879293512,0.00029584923523,0.00344664359043,0.000236679388184,0.000162717079376,8.87547705689e-05,0.000177509541138,0.000133132155853,0.000147924617615,7.39623088074e-05,0.00639034348096,0.0762551403805,0.000621283393982,0.000133132155853,0.0,0.0224993343392,0.00448211591373,0.00320996420224,0.00164196325552,0.00655306056034,0.000665660779267,0.00164196325552,0.000532528623414,0.000369811544037,0.00119818940268,0.00751457057484,0.000310641696991,0.00211532203189,0.00105026478507,0.0257240910032,0.000488151238129,0.00189343510547,5.91698470459e-05,0.00112422709387,0.0156208396201,0.00566551285465,0.000369811544037,0.000177509541138,0.00196739741428,0.00659743794562,0.00248513357593,4.43773852845e-05,0.000488151238129,8.87547705689e-05,0.0,0.0,4.43773852845e-05,2.9584923523e-05,0.00529570131061,0.0111387237064,0.000724830626313,0.00670098517795,0.000473358776368,0.00131652909677,0.00010354723233,0.00551758823703,0.00403834206089,0.0069524570279,1.47924617615e-05,5.91698470459e-05,0.000488151238129,0.000473358776368,4.43773852845e-05,0.00119818940268,2.9584923523e-05,0.000636075855744,0.000710038164551,0.00128694417325,0.000414188929322,0.013461140203,0.00133132155853,4.43773852845e-05,5.91698470459e-05,1.47924617615e-05,0.00136090648206,1.47924617615e-05,0.0,2.9584923523e-05,0.0,0.0,0.0,0.0,0.0,0.0,0.0,0.0,0.0,0.0,0.0,0.0,0.0,0.0,0.0,0.0,0.0,0.0,0.0,0.0,0.0,0.0,0.0,0.0,0.0,0.0,0.0,0.0,0.0,0.0,0.0,0.0,0.0,0.0,0.0,0.0,0.0,0.0,0.0,0.0,0.0,0.0,0.0,0.0,0.0,0.0,0.0,0.0,0.0,0.0,0.0,0.0,0.0,0.0,0.0,0.0,0.0,0.0,0.0,0.0,0.0,0.0,0.0,0.0,0.0,0.0,0.0,0.0,0.0,0.0,0.0,0.0,0.0,0.0,0.0,0.0,0.0,0.0,0.0,0.0,0.0,0.0,0.0,0.0,0.0,0.0,0.0,0.0,0.0,0.0,0.0,0.0,0.0,0.0,0.0,0.0,0.0,0.0,0.0,0.0,0.0,0.0,0.0,0.0,0.0,0.0,0.0,0.0,0.0,0.0,0.0,0.0,0.012277743262,0.0,0.0,0.0,0.0,0.0,0.0,0.0,0.0,0.0,0.0,0.0,0.0,0.0,0.0,0.0,0.000162717079376
-0.0265376764001,-0.0265376764001,-0.0265376764001,-0.0265376764001,-0.0265376764001,-0.0265376764001,-0.0265376764001,-0.0265376764001,-0.0265376764001,-0.0187716339753,0.163234815538,-0.0265376764001,-0.0265376764001,-0.026108695009,-0.0265376764001,-0.0265376764001,-0.0265376764001,-0.0265376764001,-0.0265376764001,-0.0265376764001,-0.0265376764001,-0.0265376764001,-0.0265376764001,-0.0265376764001,-0.0265376764001,-0.0265376764001,-0.0265376764001,-0.0265376764001,-0.0265376764001,-0.0265376764001,-0.0265376764001,-0.0265376764001,0.0501908227567,-0.0217449187894,-0.0250880151475,-0.0248809206828,-0.0258868080826,-0.0265080914766,-0.0265228839383,-0.0265376764001,-0.0226768438804,-0.0265376764001,0.183041921837,-0.0256945060797,-0.0262122422414,-0.0240525428242,-0.0234756368155,0.0153101979231,-0.0225585041863,-0.0253542794592,-0.0259163930061,-0.0262418271649,-0.0261234874708,-0.0262418271649,-0.0263305819354,-0.0263749593207,-0.0260199402385,-0.0260347327002,-0.0261234874708,-0.0263009970119,0.0449542912932,-0.0259016005444,-0.0265376764001,-0.0246294488329,-0.0258276382356,-0.020280465075,-0.0262122422414,-0.0253394869974,-0.0245702789858,-0.0249400905299,-0.026360166859,-0.0257240910032,-0.0262122422414,-0.0255909588474,-0.0262418271649,-0.0262270347031,-0.0254578266915,-0.0185349545871,-0.0262418271649,-0.024496316677,-0.025176769918,-0.0197035590663,-0.0253838643827,-0.0257832608503,-0.0247773734505,-0.026108695009,-0.0257684683885,-0.0263453743972,-0.0263453743972,-0.0237419011272,-0.0259903553149,-0.0263749593207,-0.0265228839383,-0.0265376764001,-0.0265376764001,-0.0264045442443,-0.0265376764001,0.0210200881631,-0.0237862785125,-0.00529570131061,-0.0238010709742,-0.0188012188988,0.0135351025118,-0.0252211473033,-0.0226916363421,0.0185349545871,-0.02418567498,-0.0261678648561,-0.0156948019289,-0.0190231058253,-0.0211975977042,-0.00630158871039,-0.0128250643472,-0.0262714120884,-0.0181355581196,-0.0211828052424,-0.0177213691903,-0.00079879293512,-0.0221591077187,-0.0251028076092,-0.0256649211562,-0.0258424306973,-0.0264045442443,-0.0259311854679,-0.0265376764001,-0.0265376764001,-0.0265228839383,-0.0265376764001,-0.0265376764001,-0.0265376764001,-0.0265376764001,-0.0265376764001,-0.0265376764001,-0.0265376764001,-0.0265376764001,-0.0265376764001,-0.0265376764001,-0.0265376764001,-0.0265376764001,-0.0265376764001,-0.0265376764001,-0.0265376764001,-0.0265376764001,-0.0265376764001,-0.0265376764001,-0.0265376764001,-0.0265376764001,-0.0265376764001,-0.0265376764001,-0.0265376764001,-0.0265376764001,-0.0265376764001,-0.0265376764001,-0.0265376764001,-0.0265376764001,-0.0265376764001,-0.0265376764001,-0.0265376764001,-0.0265376764001,-0.0265376764001,-0.0265376764001,-0.0265376764001,-0.0265376764001,-0.0265376764001,-0.0265376764001,-0.0265376764001,-0.0265376764001,-0.0265376764001,-0.0265376764001,-0.0265376764001,-0.0265376764001,-0.0265376764001,-0.0265376764001,-0.0265376764001,-0.0265376764001,-0.0265376764001,-0.0265376764001,-0.0265376764001,-0.0265376764001,-0.0265376764001,-0.0265376764001,-0.0265376764001,-0.0265376764001,-0.0265376764001,-0.0265376764001,-0.0265376764001,-0.0265376764001,-0.0142599331381,-0.0265376764001,-0.0265376764001,-0.0265376764001,-0.0265376764001,-0.0265376764001,-0.0265376764001,-0.0265376764001,-0.0265376764001,-0.0265376764001,-0.0265376764001,-0.0265376764001,-0.0265376764001,-0.0265376764001,-0.0265376764001,-0.0265376764001,-0.0265376764001,-0.0265376764001,-0.0265376764001,-0.0265376764001,-0.0265376764001,-0.0265376764001,-0.0265376764001,-0.0265376764001,-0.0265376764001,-0.0265376764001,-0.0265376764001,-0.0265376764001,-0.0265376764001,-0.0265376764001,-0.0265376764001,-0.0265376764001,-0.0265376764001,-0.0265376764001,-0.0265376764001,-0.0265376764001,-0.0265376764001,-0.0265376764001,-0.0265376764001,-0.0265376764001,-0.0265376764001,-0.0265376764001,-0.0265376764001,-0.0265376764001,-0.0265376764001,-0.0265376764001,-0.0265376764001,-0.0265376764001,-0.0265376764001,-0.0265376764001,-0.0265376764001,-0.0265376764001,-0.0265376764001,-0.0265376764001,-0.0265376764001,-0.0265376764001,-0.0265376764001,-0.0265376764001,-0.0265376764001,-0.0265376764001,-0.0265376764001,-0.0265376764001,-0.0265376764001,-0.0265376764001,-0.0265376764001,-0.0265376764001,-0.0265376764001,-0.0263749593207,-0.0265376764001
-0.028963640129,-0.028963640129,-0.028963640129,-0.028963640129,-0.028963640129,-0.028963640129,-0.028963640129,-0.028963640129,-0.028963640129,0.0131652909677,0.037336173486,-0.028963640129,-0.028963640129,0.00312120943167,-0.028963640129,-0.028963640129,-0.028963640129,-0.028963640129,-0.028963640129,-0.028963640129,-0.028963640129,-0.028963640129,-0.028963640129,-0.028963640129,-0.028963640129,-0.028963640129,-0.028963640129,-0.028963640129,-0.028963640129,-0.028963640129,-0.028963640129,-0.028963640129,0.130232833348,0.0359456820804,-0.0286234135085,-0.0270849974853,-0.0281796396556,-0.028963640129,-0.028963640129,-0.0288600928967,-0.0255465814621,-0.0289340552055,0.0326469631076,-0.0289192627437,-0.0286825833555,-0.0206650690808,-0.0276027336469,-0.0243483920594,-0.027661903494,-0.0258128457738,-0.0272772994882,-0.0285050738144,-0.0287417532026,-0.0286973758173,-0.0286234135085,-0.0286234135085,-0.0286382059702,-0.0286677908938,-0.0281944321174,-0.0289044702819,0.0374545131801,-0.0272920919499,-0.0227360137274,-0.0286234135085,-0.0287417532026,-0.0278394130351,-0.0283275642732,-0.0274548090293,-0.0257684683885,-0.027972545191,-0.0280908848851,-0.0277062808793,-0.0281204698086,-0.0280169225763,-0.0288453004349,-0.0289488476672,-0.0232241649655,-0.0279577527292,-0.0284459039673,-0.0282092245792,-0.0281500547321,-0.0270406201,-0.0262418271649,-0.0221591077187,0.00526611638709,-0.0285494511997,-0.0288009230496,-0.0285198662761,-0.0289192627437,-0.0284459039673,-0.028963640129,-0.0289340552055,-0.028652998432,-0.028963640129,-0.028963640129,-0.0285198662761,-0.028963640129,-0.0137569894382,-0.0131061211207,-0.0206798615426,-0.000369811544037,-0.0144226502174,-0.0206946540043,-0.0236827312801,-0.013579479897,-0.0127067246531,-0.0280021301145,-0.0287417532026,-0.0176621993432,0.0329132274193,-0.0219076358688,-0.00970385491554,-0.00202656726132,-0.0286086210467,-0.00603532439869,-0.0208721635455,-0.0134759326647,0.0160794059347,-0.0228099760362,-0.0278394130351,-0.0268631105589,-0.0278542054969,-0.0289488476672,-0.0279429602674,-0.0288305079731,-0.028963640129,-0.0289340552055,-0.028963640129,-0.028963640129,-0.028963640129,-0.028963640129,-0.0289488476672,-0.028963640129,-0.028963640129,-0.028963640129,-0.028963640129,-0.028963640129,-0.028963640129,-0.028963640129,-0.028963640129,-0.028963640129,-0.028963640129,-0.028963640129,-0.028963640129,-0.028963640129,-0.028963640129,-0.028963640129,-0.028963640129,-0.028963640129,-0.028963640129,-0.028963640129,-0.028963640129,-0.028963640129,-0.028963640129,-0.028963640129,-0.028963640129,-0.028963640129,-0.028963640129,-0.028963640129,-0.028963640129,-0.028963640129,-0.028963640129,-0.028963640129,-0.028963640129,-0.028963640129,-0.028963640129,-0.028963640129,-0.028963640129,-0.028963640129,-0.028963640129,-0.028963640129,-0.028963640129,-0.028963640129,-0.028963640129,-0.028963640129,-0.028963640129,-0.028963640129,-0.028963640129,-0.028963640129,-0.028963640129,-0.028963640129,-0.028963640129,-0.028963640129,-0.028963640129,-0.028963640129,-0.028963640129,-0.028963640129,-0.028963640129,-0.028963640129,-0.028963640129,-0.028963640129,-0.016685896867,-0.028963640129,-0.028963640129,-0.028963640129,-0.028963640129,-0.028963640129,-0.028963640129,-0.028963640129,-0.028963640129,-0.028963640129,-0.028963640129,-0.028963640129,-0.028963640129,-0.028963640129,-0.028963640129,-0.028963640129,-0.028963640129,-0.028963640129,-0.028963640129,-0.028963640129,-0.028963640129,-0.028963640129,-0.028963640129,-0.028963640129,-0.028963640129,-0.028963640129,-0.028963640129,-0.028963640129,-0.028963640129,-0.028963640129,-0.028963640129,-0.028963640129,-0.028963640129,-0.028963640129,-0.028963640129,-0.028963640129,-0.028963640129,-0.028963640129,-0.028963640129,-0.028963640129,-0.028963640129,-0.028963640129,-0.028963640129,-0.028963640129,-0.028963640129,-0.028963640129,-0.028963640129,-0.028963640129,-0.028963640129,-0.028963640129,-0.028963640129,-0.028963640129,-0.028963640129,-0.028963640129,-0.028963640129,-0.028963640129,-0.028963640129,-0.028963640129,-0.028963640129,-0.028963640129,-0.028963640129,-0.028963640129,-0.028963640129,-0.028963640129,-0.028963640129
-0.0297476406023,-0.0299103576817,-0.0299103576817,-0.0299103576817,-0.0299103576817,-0.0299103576817,-0.0299103576817,-0.0299103576817,-0.0299103576817,-0.0262270347031,0.0715215526168,-0.0299103576817,-0.0299103576817,-0.0175290671874,-0.0299103576817,-0.0299103576817,-0.0299103576817,-0.0299103576817,-0.0299103576817,-0.0299103576817,-0.0299103576817,-0.0299103576817,-0.0299103576817,-0.0299103576817,-0.0299103576817,-0.0299103576817,-0.0299103576817,-0.0299103576817,-0.0299103576817,-0.0299103576817,-0.0299103576817,-0.0299103576817,0.122259696459,-0.0104286855418,-0.0297180556788,-0.0281500547321,-0.0210496730866,-0.02989556522,-0.0299103576817,-0.0299103576817,-0.0277950356498,-0.0299103576817,-0.000576906008698,-0.0298807727582,-0.0297476406023,0.0102807609242,-0.0242004674418,-0.0229579006538,-0.0284754888909,-0.0258128457738,-0.0293630365966,-0.0296588858318,-0.0293926215201,-0.0293778290583,-0.0295109612142,-0.0296293009083,-0.0295997159847,-0.0297180556788,-0.0290819798231,-0.0292890742877,0.0222478624893,-0.025058430224,-0.0290819798231,-0.0297328481406,-0.0285346587379,-0.0244519392917,-0.027721073341,-0.0195260495252,-0.0269370728677,-0.0279133753439,-0.027099789947,-0.0278837904204,-0.0293630365966,-0.0270849974853,-0.0265672613236,-0.0297624330641,-0.0291263572084,-0.0258720156208,-0.0285198662761,-0.0284902813526,-0.0281204698086,-0.0298659802964,-0.0240081654389,-0.0212419750895,-0.0220851454099,-0.0286973758173,-0.0293630365966,-0.0288748853584,-0.0274843939528,-0.0281648471939,-0.02989556522,-0.0298511878347,-0.0299103576817,-0.0299103576817,-0.0299103576817,-0.0287861305879,-0.0298068104494,0.000961510014497,-0.0269518653294,-0.0232093725038,0.0149847637644,0.0152066506908,-0.0265968462472,0.00294369989054,-0.0192745776752,0.0310937546226,-0.0151474808438,-0.0278689979586,-0.019037898287,-0.025176769918,0.0195852193722,-0.0130469512736,-0.017987633502,-0.0295257536759,0.0076033253454,-0.021212390166,-0.0169669536404,-0.0173959350315,-0.0265672613236,-0.0284459039673,-0.029022809976,-0.0167154817905,-0.0297180556788,-0.0291411496701,-0.0298807727582,-0.0299103576817,-0.0298363953729,-0.0299103576817,-0.0299103576817,-0.0299103576817,-0.0299103576817,-0.0299103576817,-0.0299103576817,-0.0299103576817,-0.0299103576817,-0.0299103576817,-0.0299103576817,-0.0299103576817,-0.0299103576817,-0.0299103576817,-0.0299103576817,-0.02989556522,-0.0299103576817,-0.0299103576817,-0.0299103576817,-0.0299103576817,-0.0299103576817,-0.0299103576817,-0.0299103576817,-0.0299103576817,-0.0299103576817,-0.0299103576817,-0.0299103576817,-0.0299103576817,-0.0299103576817,-0.0299103576817,-0.0299103576817,-0.0299103576817,-0.0299103576817,-0.0299103576817,-0.0299103576817,-0.0299103576817,-0.0299103576817,-0.0299103576817,-0.02989556522,-0.0299103576817,-0.0299103576817,-0.0299103576817,-0.0299103576817,-0.0299103576817,-0.0299103576817,-0.0299103576817,-0.0299103576817,-0.0299103576817,-0.0299103576817,-0.0299103576817,-0.0299103576817,-0.0299103576817,-0.0299103576817,-0.0299103576817,-0.0299103576817,-0.0299103576817,-0.0299103576817,-0.0299103576817,-0.0299103576817,-0.0299103576817,-0.0299103576817,-0.0299103576817,-0.0299103576817,-0.0299103576817,-0.0299103576817,-0.0299103576817,-0.0299103576817,-0.0299103576817,-0.0299103576817,-0.02989556522,-0.0299103576817,-0.0299103576817,-0.0299103576817,-0.0299103576817,-0.0299103576817,-0.0299103576817,-0.0299103576817,-0.0299103576817,-0.0299103576817,-0.0299103576817,-0.0299103576817,-0.0299103576817,-0.0299103576817,-0.0299103576817,-0.0299103576817,-0.0299103576817,-0.0299103576817,-0.0299103576817,-0.0299103576817,-0.0299103576817,-0.0299103576817,-0.0299103576817,-0.0299103576817,-0.0299103576817,-0.0299103576817,-0.0299103576817,-0.0299103576817,-0.0299103576817,-0.0299103576817,-0.0299103576817,-0.0298511878347,-0.0298807727582,-0.0299103576817,-0.0299103576817,-0.0299103576817,-0.0299103576817,-0.0299103576817,-0.0299103576817,-0.0299103576817,-0.02989556522,-0.0299103576817,-0.0299103576817,-0.0299103576817,-0.02989556522,-0.0299103576817,-0.0299103576817,-0.0299103576817,-0.0299103576817,-0.0299103576817,-0.0299103576817,-0.0299103576817,-0.0299103576817,-0.0299103576817,-0.0299103576817,-0.0299103576817,-0.0299103576817,-0.0299103576817,-0.0299103576817,-0.0299103576817,-0.0299103576817
-0.0305020561522,-0.0305020561522,-0.0305020561522,-0.0305020561522,-0.0305020561522,-0.0305020561522,-0.0305020561522,-0.0305020561522,-0.0305020561522,-0.0164196325552,0.0100736664596,-0.0305020561522,-0.0305020561522,-0.0245406940623,-0.0305020561522,-0.0305020561522,-0.0305020561522,-0.0305020561522,-0.0305020561522,-0.0305020561522,-0.0305020561522,-0.0305020561522,-0.0305020561522,-0.0305020561522,-0.0305020561522,-0.0305020561522,-0.0305020561522,-0.0305020561522,-0.0305020561522,-0.0305020561522,-0.0305020561522,-0.0305020561522,0.14721457945,-0.0271145824088,-0.0303393390728,-0.0292594893642,-0.0299103576817,-0.0305020561522,-0.0304724712287,-0.0304576787669,-0.0297180556788,-0.0304133013816,0.0237123162037,-0.0303985089199,-0.0269370728677,0.0206650690808,-0.0273808467205,-0.0259903553149,-0.0296293009083,-0.0291115647466,-0.0297920179876,-0.0301766219934,-0.0299251501435,-0.029954735067,-0.0301322446081,-0.0303541315346,-0.0301618295317,-0.0301470370699,-0.00448211591373,-0.0299695275288,-0.025798053312,-0.0257684683885,-0.0223366172598,-0.0304576787669,-0.0301766219934,-0.0285346587379,-0.0292890742877,-0.0264785065531,-0.0288748853584,-0.0288896778202,-0.0289340552055,-0.0291115647466,-0.0298068104494,-0.0211384278572,-0.0297920179876,-0.0303689239963,-0.0289488476672,-0.0258572231591,-0.0286677908938,-0.0282683944262,-0.0283867341203,-0.0295257536759,-0.0234608443537,-0.0257240910032,-0.0263897517825,-0.0295109612142,-0.02964409337,-0.0261974497796,-0.0302949616875,-0.0293186592113,-0.0304428863051,-0.0303393390728,-0.0305020561522,-0.0305020561522,-0.0305020561522,-0.0284459039673,-0.0305020561522,0.00331351143457,-0.0246294488329,0.0127954794237,0.0254726191533,0.0292003195172,-0.026670808556,-0.0283719416585,-0.0184461998166,0.0196443892193,-0.0149551788409,-0.0225880891098,-0.0150143486879,-0.0208425786219,-0.0192006153664,0.00282536019644,-0.0236975237419,-0.0295109612142,0.0018046803349,-0.0198662761457,0.0211975977042,-0.0256205437709,-0.0169225762551,-0.0270406201,-0.0289044702819,-0.028031715038,-0.0304724712287,-0.0247773734505,-0.0304576787669,-0.0304872636904,-0.0304133013816,-0.0305020561522,-0.0305020561522,-0.0304872636904,-0.0304724712287,-0.0305020561522,-0.0305020561522,-0.0305020561522,-0.0305020561522,-0.0305020561522,-0.0305020561522,-0.0305020561522,-0.0305020561522,-0.0305020561522,-0.0305020561522,-0.0305020561522,-0.0305020561522,-0.0305020561522,-0.0305020561522,-0.0305020561522,-0.0305020561522,-0.0305020561522,-0.0304428863051,-0.0305020561522,-0.0305020561522,-0.0305020561522,-0.0305020561522,-0.0305020561522,-0.0305020561522,-0.0305020561522,-0.0305020561522,-0.0305020561522,-0.0305020561522,-0.0305020561522,-0.0305020561522,-0.0305020561522,-0.0305020561522,-0.0305020561522,-0.0305020561522,-0.0305020561522,-0.0305020561522,-0.0305020561522,-0.0305020561522,-0.0304872636904,-0.0305020561522,-0.0304872636904,-0.0305020561522,-0.0305020561522,-0.0305020561522,-0.0305020561522,-0.0305020561522,-0.0305020561522,-0.0305020561522,-0.0305020561522,-0.0305020561522,-0.0305020561522,-0.0305020561522,-0.0305020561522,-0.0305020561522,-0.0305020561522,-0.0305020561522,-0.0304872636904,-0.0304872636904,-0.0305020561522,-0.0305020561522,-0.0305020561522,-0.0305020561522,-0.0305020561522,-0.0305020561522,-0.0305020561522,-0.0305020561522,-0.0305020561522,-0.0305020561522,-0.0305020561522,-0.0305020561522,-0.0305020561522,-0.0305020561522,-0.0305020561522,-0.0305020561522,-0.0305020561522,-0.0305020561522,-0.0305020561522,-0.0305020561522,-0.0305020561522,-0.0305020561522,-0.0305020561522,-0.0305020561522,-0.0305020561522,-0.0305020561522,-0.0305020561522,-0.0305020561522,-0.0305020561522,-0.0305020561522,-0.0305020561522,-0.0305020561522,-0.0305020561522,-0.0305020561522,-0.0305020561522,-0.0305020561522,-0.0305020561522,-0.0305020561522,-0.0305020561522,-0.0305020561522,-0.0305020561522,-0.0305020561522,-0.0305020561522,-0.0305020561522,-0.0305020561522,-0.0305020561522,-0.0305020561522,-0.0305020561522,-0.0305020561522,-0.0305020561522,-0.0305020561522,-0.0305020561522,-0.0305020561522,-0.0305020561522,-0.0305020561522,-0.0305020561522,-0.0305020561522,-0.0304872636904,-0.0305020561522,-0.0305020561522,-0.0305020561522,-0.0305020561522,-0.0305020561522,-0.0305020561522,-0.0305020561522,-0.0305020561522,-0.0305020561522
-0.0304133013816,-0.030576018461,-0.030576018461,-0.030576018461,-0.030576018461,-0.030576018461,-0.030576018461,-0.030576018461,-0.030576018461,-0.0178397088844,-0.000680453241028,-0.030576018461,-0.030576018461,-0.0286973758173,-0.030576018461,-0.030576018461,-0.030576018461,-0.030576018461,-0.030576018461,-0.030576018461,-0.030576018461,-0.030576018461,-0.030576018461,-0.030576018461,-0.030576018461,-0.030576018461,-0.030576018461,-0.030576018461,-0.030576018461,-0.030576018461,-0.030576018461,-0.030576018461,0.139936688264,-0.0296145084465,-0.0302801692258,-0.029274281826,-0.0303837164581,-0.030576018461,-0.0303689239963,-0.0305316410757,-0.0301470370699,-0.0304133013816,0.0427502144907,-0.0305316410757,-0.0292003195172,0.00528090884885,-0.029022809976,-0.0264045442443,-0.0292299044407,-0.0284311115056,-0.0291263572084,-0.02989556522,-0.0301618295317,-0.030265376764,-0.0300582822993,-0.0292446969025,-0.0303393390728,-0.0302357918405,-0.0279429602674,-0.0305316410757,-0.0157687642377,-0.0240525428242,-0.00557675808408,-0.0305316410757,-0.0304872636904,-0.0279429602674,-0.028963640129,-0.0259755628532,-0.0277802431881,-0.0269962427147,-0.0243040146741,-0.0295405461377,-0.02964409337,-0.0252951096121,-0.0305168486139,-0.0304576787669,-0.029584923523,-0.0292003195172,-0.0287417532026,-0.0291855270554,-0.0241560900565,-0.0156800094672,-0.0285050738144,-0.0244667317535,-0.0281648471939,-0.0297328481406,-0.0280612999615,-0.0284163190438,-0.0304576787669,-0.0304280938434,-0.030324546611,-0.0300139049141,-0.030576018461,-0.0305612259992,-0.030576018461,-0.0286677908938,-0.030576018461,-0.00872755243928,-0.0233277121979,0.0233129197361,-0.00433419129612,0.000414188929322,-0.026729978403,-0.0270258276382,-0.0160941983965,0.0318037927872,-0.028652998432,-0.0278246205734,0.018357445046,-0.0197923138369,-0.0127954794237,-0.0134167628177,-0.0194668796781,-0.0299399426052,-0.000754415549836,-0.0112422709387,0.010295553386,-0.0213751072453,0.0122925357238,-0.0272772994882,-0.0288453004349,-0.0197035590663,-0.0303985089199,-0.0231206177332,-0.030576018461,-0.0305612259992,-0.0304872636904,-0.030576018461,-0.030576018461,-0.030576018461,-0.030576018461,-0.030576018461,-0.030576018461,-0.030576018461,-0.030576018461,-0.030576018461,-0.030576018461,-0.030576018461,-0.030576018461,-0.030576018461,-0.0305168486139,-0.030576018461,-0.030576018461,-0.030576018461,-0.030576018461,-0.030576018461,-0.030576018461,-0.030576018461,-0.0305612259992,-0.030576018461,-0.030576018461,-0.030576018461,-0.030576018461,-0.030576018461,-0.030576018461,-0.030576018461,-0.030576018461,-0.030576018461,-0.030576018461,-0.030576018461,-0.030576018461,-0.030576018461,-0.030576018461,-0.030576018461,-0.030576018461,-0.030576018461,-0.030576018461,-0.030576018461,-0.030576018461,-0.030576018461,-0.030576018461,-0.030576018461,-0.030576018461,-0.030576018461,-0.0305612259992,-0.0305464335375,-0.030576018461,-0.030576018461,-0.030576018461,-0.030576018461,-0.030576018461,-0.030576018461,-0.030576018461,-0.030576018461,-0.030576018461,-0.030576018461,-0.030576018461,-0.030576018461,-0.030576018461,-0.030576018461,-0.030576018461,-0.0305612259992,-0.030576018461,-0.030576018461,-0.030576018461,-0.030576018461,-0.030576018461,-0.030576018461,-0.030576018461,-0.030576018461,-0.030576018461,-0.030576018461,-0.030576018461,-0.030576018461,-0.030576018461,-0.030576018461,-0.030576018461,-0.030576018461,-0.030576018461,-0.030576018461,-0.030576018461,-0.030576018461,-0.030576018461,-0.030576018461,-0.030576018461,-0.030576018461,-0.030576018461,-0.030576018461,-0.030576018461,-0.030576018461,-0.030576018461,-0.030576018461,-0.030576018461,-0.030576018461,-0.030576018461,-0.030576018461,-0.0305612259992,-0.030576018461,-0.030576018461,-0.0305612259992,-0.030576018461,-0.030576018461,-0.030576018461,-0.030576018461,-0.030576018461,-0.030576018461,-0.0305612259992,-0.030576018461,-0.030576018461,-0.030576018461,-0.030576018461,-0.030576018461,-0.030576018461,-0.030576018461,-0.030576018461,-0.030576018461,-0.030576018461,-0.030576018461,-0.030576018461,-0.030576018461,-0.030576018461,-0.030576018461,-0.030576018461,-0.030576018461,-0.030576018461,-0.030576018461
-0.0306795656933,-0.0306795656933,-0.0306795656933,-0.0306795656933,-0.0306795656933,-0.0306795656933,-0.0306795656933,-0.0306795656933,-0.0306795656933,-0.0188751812077,-0.0079139670424,-0.0306795656933,-0.0306795656933,-0.0240525428242,-0.0306795656933,-0.0306795656933,-0.0306795656933,-0.0306795656933,-0.0306795656933,-0.0306795656933,-0.0306795656933,-0.0306795656933,-0.0306795656933,-0.0306795656933,-0.0306795656933,-0.0306795656933,-0.0306795656933,-0.0306795656933,-0.0306795656933,-0.0306795656933,-0.0306795656933,-0.0306795656933,0.160305908109,-0.0292594893642,-0.0301174521464,-0.0294517913671,-0.0297920179876,-0.0306795656933,-0.030324546611,-0.030635188308,-0.0256797136179,-0.0306203958463,0.0283127718115,-0.0303689239963,-0.0294961687524,-0.0146149522203,-0.0238602408213,-0.0268779030206,-0.0293778290583,-0.0292594893642,-0.0297328481406,-0.0297772255259,-0.0214342770924,-0.0264785065531,-0.0264341291678,-0.0301174521464,-0.0303541315346,-0.0302357918405,-0.0178397088844,-0.0305908109228,-0.0263453743972,-0.0253246945357,-0.0300286973758,-0.0306056033845,-0.0300878672229,-0.0227212212656,-0.0199846158398,-0.0226916363421,-0.0272772994882,-0.0252951096121,-0.0267003934795,-0.0296145084465,-0.0294961687524,-0.028712168279,-0.0287417532026,-0.0304724712287,-0.0291707345937,-0.0276027336469,-0.0264341291678,-0.0257092985415,-0.0283127718115,-0.0300286973758,-0.0288305079731,-0.0226028815716,-0.0265376764001,-0.0301618295317,-0.0292446969025,-0.0296884707553,-0.030576018461,-0.0300582822993,-0.0306499807698,-0.0303541315346,-0.0306647732316,-0.0306647732316,-0.0306203958463,-0.0281796396556,-0.0306795656933,-0.0128250643472,-0.0211975977042,-0.0163308777847,-0.0106949498536,0.0503387473743,-0.0188160113606,-0.027351261797,-0.0238306558978,0.0274252241058,-0.0183130676607,-0.0287713381261,0.00846128812757,-0.0181503505813,-0.0115677050975,-0.00727789118665,-0.0201177479956,-0.0302357918405,0.00110943463211,-0.014822046685,-0.000118339694092,-0.00884589213337,0.0228987308068,-0.0293778290583,-0.029584923523,-0.0213307298601,-0.0305316410757,-0.0292890742877,-0.0305612259992,-0.0306499807698,-0.0305908109228,-0.0306795656933,-0.0306795656933,-0.0306795656933,-0.0306795656933,-0.0306647732316,-0.0306795656933,-0.0306795656933,-0.0306795656933,-0.0306795656933,-0.0306795656933,-0.0306795656933,-0.0306795656933,-0.0306795656933,-0.0306795656933,-0.0306795656933,-0.0306795656933,-0.0306795656933,-0.0306795656933,-0.0306795656933,-0.0306795656933,-0.0306795656933,-0.0306795656933,-0.0306795656933,-0.0306647732316,-0.0306795656933,-0.0306795656933,-0.0306795656933,-0.0306795656933,-0.0306795656933,-0.0306795656933,-0.0306795656933,-0.0306795656933,-0.0306795656933,-0.0306795656933,-0.0306795656933,-0.0306795656933,-0.0306795656933,-0.0306647732316,-0.0306795656933,-0.0306795656933,-0.0306795656933,-0.0306795656933,-0.0306795656933,-0.0306795656933,-0.0306795656933,-0.0306795656933,-0.0306795656933,-0.0306795656933,-0.0306795656933,-0.0306795656933,-0.0306795656933,-0.0306647732316,-0.0306795656933,-0.0306795656933,-0.0306795656933,-0.0306795656933,-0.0306795656933,-0.0306795656933,-0.0306795656933,-0.0306795656933,-0.0306795656933,-0.0306795656933,-0.0306795656933,-0.0306795656933,-0.0306795656933,-0.0306795656933,-0.0306795656933,-0.0306795656933,-0.0306795656933,-0.0306795656933,-0.0306795656933,-0.0306795656933,-0.0306795656933,-0.0306795656933,-0.0306795656933,-0.0306795656933,-0.0306795656933,-0.0306795656933,-0.0306795656933,-0.0306795656933,-0.0306795656933,-0.0306795656933,-0.0306795656933,-0.0306795656933,-0.0306795656933,-0.0306795656933,-0.0306795656933,-0.0306795656933,-0.0306795656933,-0.0306795656933,-0.0306795656933,-0.0306795656933,-0.0306795656933,-0.0306795656933,-0.0306795656933,-0.0306795656933,-0.0306795656933,-0.0306795656933,-0.0306795656933,-0.0306203958463,-0.0306499807698,-0.0306795656933,-0.0306795656933,-0.0306795656933,-0.0306795656933,-0.0306795656933,-0.0306795656933,-0.0306795656933,-0.0306795656933,-0.0306647732316,-0.0306795656933,-0.0306795656933,-0.0306795656933,-0.0306795656933,-0.0306795656933,-0.0306795656933,-0.0306795656933,-0.0306795656933,-0.0306795656933,-0.0306795656933,-0.0306795656933,-0.0306795656933,-0.0306795656933,-0.0306795656933,-0.0306795656933,-0.0306647732316,-0.0306795656933,-0.0306795656933,-0.0306795656933
-0.0305316410757,-0.0306943581551,-0.0306943581551,-0.0306943581551,-0.0306943581551,-0.0306943581551,-0.0306943581551,-0.0306943581551,-0.0306943581551,-0.0178249164226,-0.00763291026893,-0.0306943581551,-0.0306943581551,-0.0292890742877,-0.0306943581551,-0.0306943581551,-0.0306943581551,-0.0306943581551,-0.0306943581551,-0.0306943581551,-0.0306943581551,-0.0306943581551,-0.0306943581551,-0.0306943581551,-0.0306943581551,-0.0306943581551,-0.0306943581551,-0.0306943581551,-0.0306943581551,-0.0306943581551,-0.0306943581551,-0.0306943581551,0.126031774208,-0.0268779030206,-0.029954735067,-0.0295405461377,-0.0301914144552,-0.0306943581551,-0.0306647732316,-0.0306203958463,-0.0300139049141,-0.0290819798231,0.0163900476317,-0.0303837164581,-0.0270702050235,-0.0159462737789,-0.0248365432975,-0.0279281678057,-0.0228987308068,-0.029333451673,-0.0295997159847,-0.0294961687524,-0.0298807727582,-0.0196295967575,-0.030324546611,-0.030265376764,-0.0300730747611,-0.0304280938434,0.0199846158398,-0.0304872636904,-0.023505221739,-0.0213011449365,-0.0303837164581,-0.0306943581551,-0.023194580042,-0.0278098281116,-0.0161829531671,-0.0222774474128,-0.0268926954824,-0.0215674092482,-0.0276323185705,-0.0285642436614,-0.0250436377622,-0.0291115647466,-0.030265376764,-0.030206206917,-0.0287417532026,-0.0275879411852,-0.0291263572084,-0.0277062808793,-0.0279281678057,-0.0190083133635,-0.0260347327002,-0.0167006893287,-0.0207242389278,-0.0297328481406,-0.0299103576817,-0.0301470370699,-0.0306499807698,-0.0295997159847,-0.0306499807698,-0.0305908109228,-0.0306943581551,-0.0306795656933,-0.0306795656933,-0.0284311115056,-0.0306943581551,0.0223366172598,-0.0202508801515,-0.00310641696991,-0.00523653146357,0.028593828585,-0.0233129197361,-0.0263157894737,-0.0244519392917,0.0252803171504,-0.0123664980326,-0.0277506582645,-0.0139640839028,-0.0211680127807,-0.0157687642377,0.0194372947546,-0.019659181681,-0.0300730747611,-0.000281056773468,-0.0210940504719,0.00745540072779,-0.0173515576462,-0.0266412236324,-0.0270406201,-0.0292003195172,-0.0268779030206,-0.0300286973758,-0.0291115647466,-0.0306795656933,-0.0306647732316,-0.0306056033845,-0.0306943581551,-0.0306943581551,-0.0306943581551,-0.0306943581551,-0.0306647732316,-0.0306943581551,-0.0306943581551,-0.0306943581551,-0.0306943581551,-0.0306795656933,-0.0306795656933,-0.0306943581551,-0.0306795656933,-0.0306943581551,-0.0306943581551,-0.0306943581551,-0.0306943581551,-0.0306943581551,-0.0306943581551,-0.0306943581551,-0.0306943581551,-0.030635188308,-0.0306943581551,-0.0306943581551,-0.0306943581551,-0.0306943581551,-0.0306943581551,-0.0306943581551,-0.0306943581551,-0.0306943581551,-0.0306795656933,-0.0306943581551,-0.0306943581551,-0.0306943581551,-0.0306943581551,-0.0306943581551,-0.0306943581551,-0.0306943581551,-0.0306943581551,-0.0306943581551,-0.0306943581551,-0.0306943581551,-0.0306943581551,-0.0306943581551,-0.0306943581551,-0.0306943581551,-0.0306943581551,-0.0306943581551,-0.0306943581551,-0.0306943581551,-0.0306943581551,-0.0306943581551,-0.0306943581551,-0.0306943581551,-0.0306943581551,-0.0306943581551,-0.0306943581551,-0.0306943581551,-0.0306795656933,-0.0306943581551,-0.0306943581551,-0.0306943581551,-0.0306943581551,-0.0306943581551,-0.0306943581551,-0.0306943581551,-0.0306943581551,-0.0306943581551,-0.0306943581551,-0.0306943581551,-0.0306943581551,-0.0306943581551,-0.0306943581551,-0.0306943581551,-0.0306943581551,-0.0306943581551,-0.0306943581551,-0.0306943581551,-0.0306943581551,-0.0306943581551,-0.0306943581551,-0.0306943581551,-0.0306943581551,-0.0306943581551,-0.0306943581551,-0.0306943581551,-0.0306943581551,-0.0306943581551,-0.0306943581551,-0.0306943581551,-0.0306943581551,-0.0306943581551,-0.0306943581551,-0.0306943581551,-0.0306943581551,-0.0306943581551,-0.0306943581551,-0.0306943581551,-0.0306943581551,-0.0306943581551,-0.0306943581551,-0.0306943581551,-0.0306943581551,-0.0306943581551,-0.0306943581551,-0.0306943581551,-0.0306795656933,-0.0306943581551,-0.0306943581551,-0.0306795656933,-0.0306795656933,-0.0306943581551,-0.0306943581551,-0.0306943581551,-0.0306943581551,-0.0306943581551,-0.0306943581551,-0.0306943581551,-0.0306943581551,-0.0306943581551,-0.0306943581551,-0.0306943581551,-0.0306943581551,-0.0306943581551,-0.0306943581551,-0.0306943581551,-0.0306943581551,-0.0306943581551,-0.0306943581551
-0.0307535280021,-0.0307535280021,-0.0307535280021,-0.0307535280021,-0.0307535280021,-0.0307535280021,-0.0307535280021,-0.0307535280021,-0.0307535280021,-0.0201473329191,0.0184461998166,-0.0307535280021,-0.0307535280021,-0.0269222804059,-0.0307535280021,-0.0307535280021,-0.0307535280021,-0.0307535280021,-0.0307535280021,-0.0307535280021,-0.0307535280021,-0.0307535280021,-0.0307535280021,-0.0307535280021,-0.0307535280021,-0.0307535280021,-0.0307535280021,-0.0307535280021,-0.0307535280021,-0.0307535280021,-0.0307535280021,-0.0307535280021,0.0790065382681,-0.0304133013816,-0.0262418271649,-0.0294517913671,-0.0306943581551,-0.0307535280021,-0.0307535280021,-0.030635188308,-0.0288453004349,-0.0303097541493,0.0149847637644,-0.0307091506168,-0.0291411496701,-0.00107984970859,-0.0228987308068,-0.0261382799325,-0.028963640129,-0.0292594893642,-0.0297920179876,-0.0300286973758,-0.0303393390728,-0.0303097541493,-0.0302801692258,-0.0297624330641,-0.0303393390728,-0.0302357918405,-0.0281648471939,-0.0304576787669,-0.0277358658028,-0.0156356320819,-0.0302801692258,-0.0307535280021,-0.0299695275288,-0.0273956391823,-0.0263305819354,-0.0279133753439,-0.0297328481406,-0.0190970681341,-0.0288157155114,-0.0227951835745,-0.030324546611,-0.0281204698086,-0.0301766219934,-0.0306499807698,-0.0282388095027,-0.0291115647466,-0.0290671873613,-0.0294813762906,-0.0289192627437,-0.013830951747,-0.0287861305879,-0.0207834087749,-0.0217301263276,-0.0284163190438,-0.0303837164581,-0.029584923523,-0.0306647732316,-0.0304280938434,-0.0307387355404,-0.0306499807698,-0.0307535280021,-0.0306795656933,-0.0307535280021,-0.0292446969025,-0.0307535280021,0.00128694417325,-0.0244667317535,-0.00471879530191,0.0107245347771,0.0081802313541,-0.0146149522203,-0.027410431644,-0.024496316677,0.0384308156563,-0.0217153338659,-0.0292151119789,0.0107097423153,-0.0174846898021,0.0248661282211,0.00201177479956,-0.017114878258,-0.0302357918405,0.00439336114316,0.018298275199,-0.00565072039289,-0.00800272181296,-0.0144374426792,-0.0289044702819,-0.0233425046596,-0.0218780509452,-0.030635188308,-0.0282092245792,-0.0304872636904,-0.0306943581551,-0.0306647732316,-0.0307535280021,-0.0306943581551,-0.0307535280021,-0.0307535280021,-0.0307387355404,-0.0307535280021,-0.0307535280021,-0.0307535280021,-0.0307535280021,-0.0307535280021,-0.0307535280021,-0.0307535280021,-0.0307535280021,-0.0307387355404,-0.0307535280021,-0.0307535280021,-0.0307535280021,-0.0307535280021,-0.0307535280021,-0.0307535280021,-0.0307535280021,-0.0307535280021,-0.0307535280021,-0.0307535280021,-0.0307535280021,-0.0307535280021,-0.0307535280021,-0.0307535280021,-0.0307535280021,-0.0307535280021,-0.0307535280021,-0.0307387355404,-0.0307535280021,-0.0307535280021,-0.0307535280021,-0.0307535280021,-0.0307535280021,-0.0307535280021,-0.0307535280021,-0.0307535280021,-0.0307535280021,-0.0307535280021,-0.0307535280021,-0.0307239430786,-0.0307535280021,-0.0307535280021,-0.0307535280021,-0.0307535280021,-0.0307535280021,-0.0307535280021,-0.0307535280021,-0.0307535280021,-0.0307535280021,-0.0307535280021,-0.0307535280021,-0.0307535280021,-0.0307535280021,-0.0307387355404,-0.0307535280021,-0.0307535280021,-0.0307535280021,-0.0307535280021,-0.0307535280021,-0.0307535280021,-0.0307535280021,-0.0307535280021,-0.0307535280021,-0.0307535280021,-0.0307387355404,-0.0307535280021,-0.0307535280021,-0.0307535280021,-0.0307535280021,-0.0307535280021,-0.0307535280021,-0.0307387355404,-0.0307535280021,-0.0307535280021,-0.0307535280021,-0.0307535280021,-0.0307387355404,-0.0307535280021,-0.0307535280021,-0.0307535280021,-0.0307535280021,-0.0307535280021,-0.0307535280021,-0.0307535280021,-0.0307535280021,-0.0307535280021,-0.0307535280021,-0.0307535280021,-0.0307535280021,-0.0307535280021,-0.0307535280021,-0.0307535280021,-0.0307535280021,-0.0307535280021,-0.0307535280021,-0.0307387355404,-0.0307535280021,-0.0307535280021,-0.0307535280021,-0.0307387355404,-0.0307535280021,-0.0307535280021,-0.0307387355404,-0.0307535280021,-0.0307535280021,-0.0307535280021,-0.0307535280021,-0.0307535280021,-0.0307535280021,-0.0307535280021,-0.0307535280021,-0.0307535280021,-0.0307535280021,-0.0307535280021,-0.0307535280021,-0.0307535280021,-0.0307535280021,-0.0307535280021,-0.0307535280021,-0.0307535280021,-0.0307535280021,-0.0307535280021,-0.0307535280021,-0.0307535280021,-0.0307535280021
-0.0318481701725,-0.0320108872519,-0.0320108872519,-0.0320108872519,-0.0320108872519,-0.0320108872519,-0.0320108872519,-0.0320108872519,-0.0320108872519,-0.0229135232685,0.0204431821544,-0.0320108872519,-0.0320108872519,-0.0309014526197,-0.0320108872519,-0.0320108872519,-0.0320108872519,-0.0320108872519,-0.0320108872519,-0.0320108872519,-0.0320108872519,-0.0320108872519,-0.0320108872519,-0.0320108872519,-0.0320108872519,-0.0320108872519,-0.0320108872519,-0.0320108872519,-0.0320108872519,-0.0320108872519,-0.0320108872519,-0.0320108872519,0.0719209490843,-0.0314487737049,-0.0123073281856,-0.0307831129257,-0.031818585249,-0.0320108872519,-0.0320108872519,-0.031877755096,-0.0158575190083,-0.0319813023283,0.0130765361972,-0.0320108872519,-0.0275583562616,-0.0165231797876,-0.0268187331736,-0.026981450253,-0.0297772255259,-0.0293926215201,-0.0297624330641,-0.0313008490873,-0.0312712641638,-0.0312860566255,-0.0317594154019,-0.024747788527,-0.0317594154019,-0.0278394130351,-0.0290671873613,-0.0315375284755,-0.0277654507263,0.0152806129996,-0.0308570752345,-0.0318333777107,-0.0314487737049,-0.0244815242153,-0.0274991864146,-0.0282388095027,-0.027410431644,-0.028593828585,-0.0304872636904,-0.0224105795687,-0.0315227360137,-0.0216117866335,-0.0317298304784,-0.0318481701725,-0.0295257536759,-0.0284015265821,-0.0275583562616,-0.0305612259992,-0.028652998432,-0.0266560160942,-0.0270849974853,-0.0260347327002,-0.0288896778202,-0.0307387355404,-0.0291559421319,-0.0311677169315,-0.0318925475578,-0.0313156415491,-0.0319813023283,-0.0193337475223,-0.0320108872519,-0.0319960947901,-0.0320108872519,-0.0299695275288,-0.031877755096,-7.39623088074e-05,-0.0271145824088,-0.0148960089938,0.0273660542587,0.0250140528387,-0.0253838643827,-0.0237419011272,-0.0251323925328,0.00563592793113,-0.0280908848851,-0.0277950356498,-0.0116416674063,-0.0226472589568,-0.0116120824828,-0.00136090648206,-0.0185793319724,-0.0314043963196,-0.0027661903494,0.0174698973403,-0.00573947516346,-0.00905298659803,-0.0290671873613,-0.0250732226857,-0.0281056773468,-0.00294369989054,-0.0319073400195,-0.0279873376527,-0.0318333777107,-0.0319665098666,-0.0319221324813,-0.0320108872519,-0.0319960947901,-0.0320108872519,-0.0320108872519,-0.0320108872519,-0.0320108872519,-0.0320108872519,-0.0320108872519,-0.0320108872519,-0.0320108872519,-0.0320108872519,-0.0320108872519,-0.0320108872519,-0.0320108872519,-0.0320108872519,-0.0320108872519,-0.0320108872519,-0.0320108872519,-0.0319960947901,-0.0320108872519,-0.0320108872519,-0.0320108872519,-0.0319960947901,-0.0319960947901,-0.0320108872519,-0.0320108872519,-0.0320108872519,-0.0320108872519,-0.0320108872519,-0.0320108872519,-0.0319960947901,-0.0320108872519,-0.0320108872519,-0.0320108872519,-0.0320108872519,-0.0320108872519,-0.0320108872519,-0.0320108872519,-0.0320108872519,-0.0320108872519,-0.0320108872519,-0.0320108872519,-0.0319960947901,-0.0320108872519,-0.0320108872519,-0.0320108872519,-0.0320108872519,-0.0319960947901,-0.0320108872519,-0.0320108872519,-0.0320108872519,-0.0320108872519,-0.0320108872519,-0.0320108872519,-0.0320108872519,-0.0320108872519,-0.0320108872519,-0.0320108872519,-0.0320108872519,-0.0320108872519,-0.0320108872519,-0.0320108872519,-0.0320108872519,-0.0320108872519,-0.0320108872519,-0.0320108872519,-0.0320108872519,-0.0320108872519,-0.0319813023283,-0.0320108872519,-0.0320108872519,-0.0320108872519,-0.0320108872519,-0.0320108872519,-0.0320108872519,-0.0320108872519,-0.0320108872519,-0.0320108872519,-0.0320108872519,-0.0320108872519,-0.0320108872519,-0.0320108872519,-0.0320108872519,-0.0320108872519,-0.0320108872519,-0.0320108872519,-0.0320108872519,-0.0320108872519,-0.0320108872519,-0.0320108872519,-0.0320108872519,-0.0320108872519,-0.0320108872519,-0.0320108872519,-0.0320108872519,-0.0320108872519,-0.0320108872519,-0.0320108872519,-0.0320108872519,-0.0319517174048,-0.0319813023283,-0.0319960947901,-0.0320108872519,-0.0320108872519,-0.0319960947901,-0.0320108872519,-0.0320108872519,-0.0320108872519,-0.0320108872519,-0.0320108872519,-0.0320108872519,-0.0320108872519,-0.0320108872519,-0.0320108872519,-0.0320108872519,-0.0320108872519,-0.0320108872519,-0.0320108872519,-0.0320108872519,-0.0320108872519,-0.0320108872519,-0.0320108872519,-0.0320108872519,-0.0320108872519,-0.0320108872519,-0.0320108872519,-0.0320108872519,-0.0320108872519,-0.0320108872519
-0.032188396793,-0.032188396793,-0.032188396793,-0.032188396793,-0.032188396793,-0.032188396793,-0.032188396793,-0.032188396793,-0.032188396793,-0.0226620514186,-0.0136534422059,-0.032188396793,-0.032188396793,-0.0256501286944,-0.032188396793,-0.032188396793,-0.032188396793,-0.032188396793,-0.032188396793,-0.032188396793,-0.032188396793,-0.032188396793,-0.032188396793,-0.032188396793,-0.032188396793,-0.032188396793,-0.032188396793,-0.032188396793,-0.032188396793,-0.032188396793,-0.032188396793,-0.032188396793,0.0660631342268,-0.0296293009083,0.00962989260673,-0.0283275642732,-0.0236975237419,-0.032188396793,-0.0314043963196,-0.0320700570989,-0.0178101239608,-0.027410431644,0.0129138191178,-0.0319960947901,-0.030206206917,-0.0166267270199,-0.0286382059702,-0.0301470370699,-0.0254134493062,-0.0295997159847,-0.0303097541493,-0.031567113399,-0.0316114907843,-0.0246590337564,-0.0317890003254,-0.0317298304784,-0.0317594154019,-0.0318481701725,-0.0275435637999,-0.0317002455549,-0.0310937546226,0.0509896156918,-0.0307239430786,-0.032188396793,-0.0320848495607,-0.0253394869974,-0.0286382059702,-0.0245111091388,-0.0282979793497,-0.0287269607408,-0.030206206917,-0.0296145084465,-0.0278542054969,-0.0194077098311,-0.0313008490873,-0.0311677169315,-0.0281796396556,-0.0296293009083,-0.020960918316,-0.0273364693352,-0.0279873376527,-0.0313748113961,-0.0263897517825,-0.011907931718,-0.0259755628532,-0.0257092985415,-0.0320108872519,-0.0308570752345,-0.031818585249,-0.0318037927872,-0.0302949616875,-0.0312860566255,-0.0320848495607,-0.0321588118695,-0.032188396793,-0.028031715038,-0.032188396793,0.00273660542587,-0.0238898257448,-0.00565072039289,-0.0145557823733,0.0221295227952,-0.0251028076092,-0.0194520872164,-0.0234164669684,-0.00159758587024,-0.0307831129257,-0.0279873376527,-0.00417147421674,-0.0233129197361,-0.0172332179521,-0.00668619271619,-0.0240969202095,-0.031936924943,0.0100588739978,0.00359456820804,-0.00292890742877,-0.0111239312446,-0.0248957131446,-0.0270702050235,-0.029333451673,-0.0232389574273,-0.0295257536759,-0.0278542054969,-0.0321588118695,-0.0320552646371,-0.0320256797136,-0.032188396793,-0.032188396793,-0.0321736043312,-0.032188396793,-0.0321588118695,-0.032188396793,-0.032188396793,-0.032188396793,-0.032188396793,-0.032188396793,-0.032188396793,-0.032188396793,-0.032188396793,-0.032188396793,-0.032188396793,-0.032188396793,-0.032188396793,-0.032188396793,-0.032188396793,-0.0321736043312,-0.032188396793,-0.0321292269459,-0.032188396793,-0.032188396793,-0.032188396793,-0.032188396793,-0.032188396793,-0.0321736043312,-0.032188396793,-0.032188396793,-0.032188396793,-0.032188396793,-0.032188396793,-0.032188396793,-0.032188396793,-0.032188396793,-0.032188396793,-0.032188396793,-0.032188396793,-0.032188396793,-0.032188396793,-0.032188396793,-0.0321588118695,-0.032188396793,-0.032188396793,-0.032188396793,-0.032188396793,-0.032188396793,-0.032188396793,-0.0321736043312,-0.032188396793,-0.032188396793,-0.032188396793,-0.032188396793,-0.032188396793,-0.032188396793,-0.032188396793,-0.032188396793,-0.032188396793,-0.032188396793,-0.032188396793,-0.032188396793,-0.032188396793,-0.032188396793,-0.032188396793,-0.032188396793,-0.032188396793,-0.032188396793,-0.032188396793,-0.032188396793,-0.032188396793,-0.032188396793,-0.032188396793,-0.0321736043312,-0.032188396793,-0.032188396793,-0.032188396793,-0.032188396793,-0.032188396793,-0.032188396793,-0.032188396793,-0.032188396793,-0.0321736043312,-0.032188396793,-0.032188396793,-0.032188396793,-0.032188396793,-0.032188396793,-0.032188396793,-0.032188396793,-0.032188396793,-0.032188396793,-0.032188396793,-0.032188396793,-0.032188396793,-0.032188396793,-0.032188396793,-0.032188396793,-0.032188396793,-0.032188396793,-0.032188396793,-0.032188396793,-0.0321736043312,-0.032188396793,-0.032188396793,-0.032188396793,-0.032188396793,-0.0321736043312,-0.032188396793,-0.0321588118695,-0.0321736043312,-0.032188396793,-0.032188396793,-0.032188396793,-0.032188396793,-0.032188396793,-0.032188396793,-0.032188396793,-0.0321736043312,-0.032188396793,-0.032188396793,-0.032188396793,-0.032188396793,-0.032188396793,-0.032188396793,-0.032188396793,-0.032188396793,-0.032188396793,-0.032188396793
-0.0323067364871,-0.0324694535665,-0.0324694535665,-0.0324694535665,-0.0324694535665,-0.0324694535665,-0.0324694535665,-0.0324694535665,-0.0324694535665,-0.0230762403479,-0.0147480843762,-0.0324694535665,-0.0324694535665,-0.0307683204639,-0.0324694535665,-0.0324694535665,-0.0324694535665,-0.0324694535665,-0.0324694535665,-0.0324694535665,-0.0324694535665,-0.0324694535665,-0.0324694535665,-0.0324694535665,-0.0324694535665,-0.0324694535665,-0.0324694535665,-0.0324694535665,-0.0324694535665,-0.0324694535665,-0.0324694535665,-0.0324694535665,0.0532380698796,-0.0322623591018,0.0448211591373,-0.0297476406023,-0.0198366912222,-0.0324694535665,-0.0324102837194,-0.0320848495607,-0.0282092245792,-0.019910653531,0.0123221206473,-0.0324694535665,-0.0292151119789,-0.0185793319724,-0.0263009970119,-0.0302505843022,-0.0293038667495,-0.0285642436614,-0.0312120943167,-0.0318481701725,-0.0318925475578,-0.0318481701725,-0.0319813023283,-0.0319665098666,-0.0320404721754,-0.032188396793,-0.0293630365966,-0.0316114907843,-0.0252211473033,-0.0101476287684,-0.0313452264726,-0.0324546611047,-0.0322327741783,-0.0297624330641,-0.030265376764,-0.0272033371794,-0.02989556522,-0.0284902813526,-0.0310641696991,-0.0310493772374,-0.0312712641638,-0.0278246205734,-0.031877755096,-0.0323067364871,-0.0160794059347,-0.029022809976,-0.0163012928612,-0.02989556522,-0.0303393390728,-0.031936924943,-0.0305020561522,-0.0185645395107,-0.0194964646016,-0.0259755628532,-0.0317446229401,-0.0317890003254,-0.0323215289488,-0.0317446229401,-0.0323363214106,-0.032188396793,-0.0323806987959,-0.0323806987959,-0.0324694535665,-0.0307831129257,-0.0324694535665,-0.00452649329901,-0.0279429602674,-0.010976006627,-0.0126327623443,0.0183870299695,-0.0246590337564,-0.0245111091388,-0.0131948758912,0.0101328363066,-0.0314191887814,-0.0272772994882,-0.018046803349,-0.017676991805,-0.00168634064081,0.00921570367741,-0.0200437856868,-0.0323215289488,0.0164640099405,0.00994053430372,0.00173071802609,-0.0177953314991,-0.0142303482146,-0.0280169225763,-0.0298068104494,-0.0132244608148,-0.0315819058608,-0.0230762403479,-0.0324250761812,-0.0324398686429,-0.0323215289488,-0.0324694535665,-0.0324102837194,-0.0324694535665,-0.0324694535665,-0.0324398686429,-0.0324546611047,-0.0324546611047,-0.0324694535665,-0.0324694535665,-0.0324694535665,-0.0324694535665,-0.0324694535665,-0.0324694535665,-0.0324694535665,-0.0324694535665,-0.0324694535665,-0.0324694535665,-0.0324694535665,-0.0324694535665,-0.0324694535665,-0.0324694535665,-0.0324694535665,-0.0324694535665,-0.0324694535665,-0.0324546611047,-0.0324694535665,-0.0324694535665,-0.0324694535665,-0.0324694535665,-0.0324694535665,-0.0324694535665,-0.0324694535665,-0.0324694535665,-0.0324694535665,-0.0324694535665,-0.0324694535665,-0.0324694535665,-0.0324694535665,-0.0324694535665,-0.0324694535665,-0.0324694535665,-0.0324694535665,-0.0324694535665,-0.0324694535665,-0.0324694535665,-0.0324694535665,-0.0324694535665,-0.0324694535665,-0.0324546611047,-0.0324694535665,-0.0324694535665,-0.0324546611047,-0.0324694535665,-0.0324694535665,-0.0324694535665,-0.0324694535665,-0.0324694535665,-0.0324694535665,-0.0324694535665,-0.0324694535665,-0.0324694535665,-0.0324694535665,-0.0324694535665,-0.0324694535665,-0.0324694535665,-0.0324546611047,-0.0324694535665,-0.0324694535665,-0.0324694535665,-0.0324694535665,-0.0324694535665,-0.0324694535665,-0.0324694535665,-0.0324694535665,-0.0324694535665,-0.0324694535665,-0.0324694535665,-0.0324694535665,-0.0324694535665,-0.0324694535665,-0.0324694535665,-0.0324694535665,-0.0324694535665,-0.0324694535665,-0.0324694535665,-0.0324694535665,-0.0324694535665,-0.0324694535665,-0.0324694535665,-0.0324694535665,-0.0324694535665,-0.0324694535665,-0.0324694535665,-0.0324694535665,-0.0324694535665,-0.0324694535665,-0.0324694535665,-0.0324694535665,-0.0324694535665,-0.0324546611047,-0.0324694535665,-0.0324694535665,-0.0324694535665,-0.0324694535665,-0.0324398686429,-0.0324694535665,-0.0324694535665,-0.0324694535665,-0.0324546611047,-0.0324694535665,-0.0324694535665,-0.0324694535665,-0.0324694535665,-0.0324694535665,-0.0324694535665,-0.0324694535665,-0.0324694535665,-0.0324694535665,-0.0324694535665,-0.0324694535665,-0.0324694535665,-0.0324694535665,-0.0324694535665,-0.0324694535665,-0.0324694535665,-0.0324694535665,-0.0324694535665,-0.0324694535665,-0.0324694535665
-0.0326469631076,-0.0326469631076,-0.0326469631076,-0.0326469631076,-0.0326469631076,-0.0326469631076,-0.0326469631076,-0.0326469631076,-0.0326469631076,-0.0228987308068,-0.0107984970859,-0.0326469631076,-0.0326469631076,-0.0281204698086,-0.0326469631076,-0.0326469631076,-0.0326469631076,-0.0326469631076,-0.0326469631076,-0.0326469631076,-0.0326469631076,-0.0326469631076,-0.0326469631076,-0.0326469631076,-0.0326469631076,-0.0326469631076,-0.0326469631076,-0.0326469631076,-0.0326469631076,-0.0326469631076,-0.0326469631076,-0.0326469631076,0.0849531078962,-0.0324694535665,-0.0150587260732,-0.030945830005,-0.0322031892548,-0.0326469631076,-0.0326025857223,-0.0321736043312,-0.0309310375433,-0.0194372947546,0.0118191769474,-0.0326321706458,-0.0310345847756,-0.017366350108,-0.0282388095027,-0.0292003195172,-0.0299695275288,-0.0235495991243,-0.0289340552055,-0.0314783586284,-0.0318333777107,-0.03224756664,-0.0322327741783,-0.0322919440253,-0.0320256797136,-0.031818585249,-0.0277950356498,-0.0322771515636,-0.0243631845212,0.00112422709387,-0.0322919440253,-0.0326469631076,-0.0325286234135,-0.0285050738144,-0.0307387355404,-0.0293778290583,-0.0275879411852,-0.02989556522,-0.0268631105589,-0.0295553385994,-0.0313600189344,-0.0240673352859,-0.0322179817165,-0.0326025857223,-0.0318925475578,-0.0307979053874,-0.0300286973758,-0.0311677169315,-0.0304724712287,-0.0316706606313,-0.0192006153664,-0.0277062808793,-0.02964409337,-0.026049525162,-0.0322623591018,-0.0322031892548,-0.0324546611047,-0.0290819798231,-0.032558208337,-0.0324546611047,-0.0325286234135,-0.0324546611047,-0.0326469631076,-0.0292299044407,-0.0326469631076,-0.00653826809858,-0.0255022040768,0.0158279340848,0.00328392651105,0.0253542794592,-0.00890506198041,-0.0225289192627,-0.0252951096121,0.00872755243928,-0.0305464335375,-0.029274281826,-0.0136238572823,-0.0214194846306,-0.00264785065531,0.00215969941718,-0.0200733706103,-0.030576018461,0.00377207774918,-0.00174551048786,0.00773645750126,-0.0200142007633,-0.0259163930061,-0.0136238572823,-0.0303837164581,-0.0096003076832,-0.0296884707553,-0.0225585041863,-0.0326173781841,-0.0325286234135,-0.0324842460282,-0.0326469631076,-0.0326469631076,-0.0326469631076,-0.0326469631076,-0.0326321706458,-0.0326469631076,-0.0326321706458,-0.0326469631076,-0.0326469631076,-0.0326469631076,-0.0326469631076,-0.0326469631076,-0.0326469631076,-0.0326321706458,-0.0326469631076,-0.0326469631076,-0.0326469631076,-0.0326469631076,-0.0326469631076,-0.0326469631076,-0.0326469631076,-0.0326321706458,-0.0326469631076,-0.0326321706458,-0.0326469631076,-0.0326469631076,-0.0326469631076,-0.0326469631076,-0.0326469631076,-0.0326469631076,-0.0326321706458,-0.0326469631076,-0.0326469631076,-0.0326469631076,-0.0326469631076,-0.0326469631076,-0.0326469631076,-0.0326469631076,-0.0326469631076,-0.0326469631076,-0.0326469631076,-0.0326469631076,-0.0326469631076,-0.0326469631076,-0.0326469631076,-0.0326469631076,-0.0326469631076,-0.0326469631076,-0.0326469631076,-0.0326469631076,-0.0326321706458,-0.0326469631076,-0.0326469631076,-0.0326469631076,-0.0326469631076,-0.0326469631076,-0.0326469631076,-0.0326469631076,-0.0326469631076,-0.0326469631076,-0.0326469631076,-0.0326321706458,-0.0326469631076,-0.0326321706458,-0.0326469631076,-0.0326469631076,-0.0326469631076,-0.0326469631076,-0.0326469631076,-0.0326469631076,-0.0326469631076,-0.0326469631076,-0.0326469631076,-0.0326469631076,-0.0326469631076,-0.0326469631076,-0.0326469631076,-0.0326469631076,-0.0326469631076,-0.0326321706458,-0.0326469631076,-0.0326469631076,-0.0326469631076,-0.0326469631076,-0.0326469631076,-0.0326469631076,-0.0326469631076,-0.0326469631076,-0.0326469631076,-0.0326469631076,-0.0326469631076,-0.0326469631076,-0.0326469631076,-0.0326469631076,-0.0326469631076,-0.0326469631076,-0.0326469631076,-0.0326469631076,-0.0326469631076,-0.0325730007988,-0.0326173781841,-0.0326469631076,-0.0326469631076,-0.0326469631076,-0.0326469631076,-0.0326469631076,-0.0326469631076,-0.0326469631076,-0.0326469631076,-0.0326469631076,-0.0326469631076,-0.0326469631076,-0.0326469631076,-0.0326469631076,-0.0326469631076,-0.0326469631076,-0.0326469631076,-0.0326469631076,-0.0326469631076,-0.0326469631076,-0.0326469631076,-0.0326469631076,-0.0326469631076,-0.0326469631076,-0.0326469631076,-0.0326469631076,-0.0326469631076,-0.0326469631076,-0.0326469631076
-0.03249903849,-0.0326617555694,-0.0326617555694,-0.0326617555694,-0.0326617555694,-0.0326617555694,-0.0326617555694,-0.0326617555694,-0.0326617555694,-0.0302209993787,-0.0124256678796,-0.0326617555694,-0.0326617555694,-0.0282536019644,-0.0326617555694,-0.0326617555694,-0.0326617555694,-0.0326617555694,-0.0326617555694,-0.0326617555694,-0.0326617555694,-0.0326617555694,-0.0326617555694,-0.0326617555694,-0.0326617555694,-0.0326617555694,-0.0326617555694,-0.0326617555694,-0.0326617555694,-0.0326617555694,-0.0326617555694,-0.0326617555694,0.0977042099346,-0.0249844679152,-0.00556196562232,-0.0308718676962,-0.031936924943,-0.0326173781841,-0.0326469631076,-0.0322179817165,-0.0279577527292,-0.0310493772374,0.0118635543327,-0.0325877932606,-0.0279873376527,0.00730747611017,-0.0201473329191,-0.0287269607408,-0.0295405461377,-0.0255317890003,-0.0286825833555,-0.0317298304784,-0.0319813023283,-0.0320404721754,-0.0304280938434,-0.0315819058608,-0.0319073400195,-0.0320996420224,-0.0268039407118,-0.0312860566255,-0.022883938345,-0.0181207656578,-0.0320552646371,-0.0326617555694,-0.032558208337,-0.0282388095027,-0.0313896038579,-0.0268779030206,-0.0302209993787,-0.0300286973758,-0.0308718676962,-0.0318481701725,-0.0268631105589,-0.0267595633265,-0.0300730747611,-0.0324842460282,-0.0308570752345,-0.0247773734505,-0.0296145084465,-0.0310789621609,-0.0299991124523,-0.0323215289488,-0.0311825093932,-0.0222182775658,-0.0303689239963,-0.0206354841573,-0.0324694535665,-0.0324694535665,-0.0325286234135,-0.0317742078637,-0.0271737522559,-0.03249903849,-0.0326617555694,-0.0324842460282,-0.0326617555694,-0.029333451673,-0.0326617555694,-0.00325434158753,-0.0175438596491,-0.0213603147836,-0.0161089908583,0.0333274163486,-0.0238602408213,-0.0195704269104,-0.0120854412591,0.00470400284015,-0.0314487737049,-0.0212567675513,-0.0102659684625,-0.0185497470489,4.67725093064e-18,0.0301618295317,-0.0223957871069,-0.0319960947901,-0.00029584923523,-0.00202656726132,-0.000162717079376,-0.0191858229046,-0.0246146563711,-0.0286973758173,-0.0301766219934,-0.0238454483595,-0.0319665098666,-0.0214194846306,-0.0323806987959,-0.0325730007988,-0.0325138309517,-0.0326617555694,-0.0326617555694,-0.0326617555694,-0.0326321706458,-0.0326617555694,-0.0326617555694,-0.0326617555694,-0.0326617555694,-0.0326617555694,-0.0326617555694,-0.0326617555694,-0.0326617555694,-0.0326617555694,-0.0326617555694,-0.0326617555694,-0.0326617555694,-0.0326617555694,-0.0326617555694,-0.0326617555694,-0.0326617555694,-0.0326469631076,-0.0326025857223,-0.0326617555694,-0.0326617555694,-0.0326617555694,-0.0326617555694,-0.0326617555694,-0.0326617555694,-0.0326617555694,-0.0326469631076,-0.0326617555694,-0.0326617555694,-0.0326617555694,-0.0326617555694,-0.0326469631076,-0.0326617555694,-0.0326617555694,-0.0326469631076,-0.0326617555694,-0.0326617555694,-0.0326617555694,-0.0326469631076,-0.0326617555694,-0.0326617555694,-0.0326617555694,-0.0326617555694,-0.0326617555694,-0.0326617555694,-0.0326617555694,-0.0326617555694,-0.0326617555694,-0.0326617555694,-0.0326617555694,-0.0326617555694,-0.0326617555694,-0.0326617555694,-0.0326617555694,-0.0326617555694,-0.0326617555694,-0.0326617555694,-0.0326617555694,-0.0326617555694,-0.0326617555694,-0.0326617555694,-0.0326617555694,-0.0326617555694,-0.0326617555694,-0.0326617555694,-0.0326617555694,-0.0326469631076,-0.0326617555694,-0.0326617555694,-0.0326469631076,-0.0326617555694,-0.0326617555694,-0.0326617555694,-0.0326617555694,-0.0326617555694,-0.0326617555694,-0.0326617555694,-0.0326617555694,-0.0326617555694,-0.0326617555694,-0.0326617555694,-0.0326617555694,-0.0326617555694,-0.0326617555694,-0.0326617555694,-0.0326617555694,-0.0326617555694,-0.0326617555694,-0.0326617555694,-0.0326617555694,-0.0326617555694,-0.0326617555694,-0.0326617555694,-0.0326617555694,-0.0326617555694,-0.0326617555694,-0.0326025857223,-0.0326617555694,-0.0326617555694,-0.0326617555694,-0.0326617555694,-0.0326617555694,-0.0326469631076,-0.0326617555694,-0.0326617555694,-0.0326617555694,-0.0326173781841,-0.0326617555694,-0.0326617555694,-0.0326617555694,-0.0326617555694,-0.0326617555694,-0.0326617555694,-0.0326617555694,-0.0326617555694,-0.0326617555694,-0.0326469631076,-0.0326617555694,-0.0326617555694,-0.0326617555694,-0.0326617555694,-0.0326617555694,-0.0326617555694,-0.0326617555694,-0.0326617555694,-0.0326617555694
-0.0328836424958,-0.0328836424958,-0.0328836424958,-0.0328836424958,-0.0328836424958,-0.0328836424958,-0.0328836424958,-0.0328836424958,-0.0328836424958,-0.0305612259992,-0.0106357800065,-0.0328836424958,-0.0328836424958,-0.0292003195172,-0.0328836424958,-0.0328836424958,-0.0328836424958,-0.0328836424958,-0.0328836424958,-0.0328836424958,-0.0328836424958,-0.0328836424958,-0.0328836424958,-0.0328836424958,-0.0328836424958,-0.0328836424958,-0.0328836424958,-0.0328836424958,-0.0328836424958,-0.0328836424958,-0.0328836424958,-0.0328836424958,0.0598946776723,-0.0326913404929,-0.0237419011272,-0.0317594154019,-0.0323215289488,-0.0327357178782,-0.032868850034,-0.0319073400195,-0.0235791840478,-0.0321292269459,0.0152066506908,-0.0328244726487,-0.0304872636904,-0.0053400786959,-0.0225585041863,-0.0272772994882,-0.0249400905299,-0.0229874855773,-0.0258720156208,-0.0291559421319,-0.0305316410757,-0.0322327741783,-0.0321588118695,-0.0323954912577,-0.021523031863,-0.0312860566255,-0.0276323185705,-0.0321736043312,-0.0314931510902,-0.0165379722493,-0.0315227360137,-0.0328836424958,-0.0328836424958,-0.0291115647466,-0.0299695275288,-0.0249992603769,-0.027410431644,-0.0294961687524,-0.0311381320079,-0.0247182036034,-0.031818585249,-0.0204579746161,-0.0282092245792,-0.0327653028017,-0.0308126978492,-0.0269962427147,-0.0271737522559,-0.0308570752345,-0.031197301855,-0.0326469631076,-0.0201473329191,-0.0186976716665,-0.0303837164581,-0.026108695009,-0.0323215289488,-0.0310789621609,-0.032868850034,-0.0326173781841,-0.0328244726487,-0.0327653028017,-0.0328836424958,-0.0327800952635,-0.0328836424958,-0.0309014526197,-0.0328836424958,0.000976302476258,-0.0156208396201,0.00949676045087,-0.0193189550605,0.022573296648,-0.0280169225763,-0.0278394130351,-0.0218484660217,0.00831336350996,-0.0311825093932,-0.0306499807698,-0.0159018963936,-0.0250732226857,0.0286382059702,0.00119818940268,-0.0211828052424,-0.0323511138724,0.000902340167451,0.0160350285495,0.0079139670424,-0.020339634922,-0.0244815242153,-0.0252803171504,-0.0267595633265,-0.0245259016005,-0.0315523209372,-0.0146593296056,-0.0324398686429,-0.0324694535665,-0.0327209254164,-0.0328836424958,-0.0328244726487,-0.032868850034,-0.0328836424958,-0.0328836424958,-0.0328836424958,-0.0328836424958,-0.0328836424958,-0.0328836424958,-0.032868850034,-0.0328836424958,-0.0328836424958,-0.032868850034,-0.0328836424958,-0.0328836424958,-0.0328836424958,-0.0328836424958,-0.0328836424958,-0.0328836424958,-0.0328836424958,-0.0328836424958,-0.0328836424958,-0.0328836424958,-0.0328836424958,-0.0328836424958,-0.0328836424958,-0.0328836424958,-0.0328836424958,-0.0328836424958,-0.0328244726487,-0.032868850034,-0.032868850034,-0.0328836424958,-0.0328836424958,-0.0328836424958,-0.0328836424958,-0.0328836424958,-0.0328836424958,-0.0328836424958,-0.0328836424958,-0.0328836424958,-0.0328836424958,-0.0328836424958,-0.0328836424958,-0.0328836424958,-0.0328836424958,-0.0328836424958,-0.0328836424958,-0.0328540575723,-0.032868850034,-0.032868850034,-0.0328836424958,-0.0328836424958,-0.0328836424958,-0.0328836424958,-0.0328836424958,-0.0328836424958,-0.0328836424958,-0.0328836424958,-0.0328836424958,-0.0328836424958,-0.0328836424958,-0.0328836424958,-0.0328836424958,-0.0328836424958,-0.0328836424958,-0.0328836424958,-0.0328540575723,-0.032868850034,-0.0328836424958,-0.0328836424958,-0.0328836424958,-0.0328836424958,-0.0328836424958,-0.0328836424958,-0.0328836424958,-0.0328836424958,-0.0328836424958,-0.0328836424958,-0.0328836424958,-0.0328836424958,-0.0328836424958,-0.0328836424958,-0.0328836424958,-0.0328836424958,-0.0328836424958,-0.0328836424958,-0.0328836424958,-0.0328836424958,-0.0328836424958,-0.0328836424958,-0.0328836424958,-0.0328836424958,-0.0328836424958,-0.0328836424958,-0.0328836424958,-0.0328836424958,-0.0328836424958,-0.0328836424958,-0.032868850034,-0.0328836424958,-0.0328836424958,-0.0328540575723,-0.0328836424958,-0.0328836424958,-0.0328836424958,-0.0328836424958,-0.0328836424958,-0.0328836424958,-0.0328836424958,-0.0328836424958,-0.0328836424958,-0.0328836424958,-0.0328836424958,-0.0328836424958,-0.0328836424958,-0.0328836424958,-0.0328836424958,-0.0328836424958,-0.0328836424958,-0.0328836424958,-0.0328836424958,-0.0328836424958,-0.0328836424958,-0.0328836424958,-0.0328836424958,-0.0328836424958,-0.0328836424958,-0.0328836424958
-0.0327800952635,-0.0329428123428,-0.0329428123428,-0.0329428123428,-0.0329428123428,-0.0329428123428,-0.0329428123428,-0.0329428123428,-0.0329428123428,-0.0303689239963,-0.0041862666785,-0.0329428123428,-0.0329428123428,-0.0268039407118,-0.0329428123428,-0.0329428123428,-0.0329428123428,-0.0329428123428,-0.0329428123428,-0.0329428123428,-0.0329428123428,-0.0329428123428,-0.0329428123428,-0.0329428123428,-0.0329428123428,-0.0329428123428,-0.0329428123428,-0.0329428123428,-0.0329428123428,-0.0329428123428,-0.0329428123428,-0.0329428123428,0.0699535516701,-0.0326025857223,0.000340226620514,-0.0315819058608,-0.0327061329546,-0.0328392651105,-0.0329132274193,-0.0322919440253,-0.0305908109228,-0.0255909588474,0.0140232537499,-0.0329428123428,-0.0298068104494,-0.00273660542587,-0.0172184254904,-0.0261678648561,-0.0272477145647,-0.0227951835745,-0.0282683944262,-0.0301322446081,-0.0309162450815,-0.0316410757078,-0.0311381320079,-0.0316706606313,-0.0311529244697,-0.031197301855,-0.0270258276382,-0.0320108872519,-0.0319960947901,-0.0205319369249,-0.0322327741783,-0.0329280198811,-0.0329280198811,-0.0281648471939,-0.0319813023283,-0.0265968462472,-0.0284606964291,-0.0289340552055,-0.0320848495607,-0.0235348066625,-0.0315227360137,-0.0249844679152,-0.0302505843022,-0.0323954912577,-0.0319073400195,-0.0244519392917,-0.0312416792403,-0.0284311115056,-0.029954735067,-0.0324694535665,-0.0313748113961,-0.0191858229046,-0.0301322446081,-0.030635188308,-0.0320404721754,-0.032188396793,-0.0327357178782,-0.0327357178782,-0.0323806987959,-0.0327061329546,-0.0329132274193,-0.0326765480311,-0.0329428123428,-0.0306647732316,-0.0329280198811,0.0203544273838,-0.0289932250525,-0.00482234253424,-0.0154729150025,0.0257536759267,-0.0215378243247,-0.0247329960652,-0.0223514097216,-0.00242596372888,-0.0299251501435,-0.019659181681,-0.00992574184196,-0.0271293748706,0.00273660542587,0.0197183515281,-0.0103399307713,-0.0324842460282,-0.00525132392533,-0.0170409159492,0.0262418271649,-0.0214046921689,-0.0260643176237,-0.0136534422059,-0.027661903494,-0.0269962427147,-0.0326173781841,-0.0293038667495,-0.0327209254164,-0.032868850034,-0.0328244726487,-0.0329428123428,-0.0329428123428,-0.0329428123428,-0.0329428123428,-0.0329428123428,-0.0329280198811,-0.0329132274193,-0.0329428123428,-0.0329428123428,-0.0329428123428,-0.0329428123428,-0.0329428123428,-0.0329428123428,-0.0329428123428,-0.0329428123428,-0.0329428123428,-0.0329428123428,-0.0329280198811,-0.0329428123428,-0.0329428123428,-0.0329428123428,-0.0329428123428,-0.0329428123428,-0.0329280198811,-0.0329428123428,-0.0329428123428,-0.0329428123428,-0.0329428123428,-0.0329428123428,-0.0329280198811,-0.0329428123428,-0.0329428123428,-0.0329428123428,-0.0329428123428,-0.0329428123428,-0.0329428123428,-0.0329428123428,-0.0329428123428,-0.0329428123428,-0.0329428123428,-0.0329428123428,-0.0329428123428,-0.0329132274193,-0.0329280198811,-0.0329280198811,-0.0329428123428,-0.0329280198811,-0.0329428123428,-0.0329428123428,-0.0328836424958,-0.0329428123428,-0.0329428123428,-0.0329428123428,-0.0329428123428,-0.0329428123428,-0.0329428123428,-0.0329428123428,-0.0329428123428,-0.0329428123428,-0.0329428123428,-0.0329428123428,-0.0329428123428,-0.0329428123428,-0.0329280198811,-0.0329428123428,-0.0329428123428,-0.0329428123428,-0.0329132274193,-0.0329428123428,-0.0329428123428,-0.0329428123428,-0.0329428123428,-0.0329428123428,-0.0329428123428,-0.0329428123428,-0.0329428123428,-0.0329428123428,-0.0329428123428,-0.0329428123428,-0.0329428123428,-0.0329428123428,-0.0329428123428,-0.0329428123428,-0.0329428123428,-0.0329428123428,-0.0329428123428,-0.0329428123428,-0.0329428123428,-0.0329428123428,-0.0329428123428,-0.0329428123428,-0.0329428123428,-0.0329428123428,-0.0329428123428,-0.0329428123428,-0.0329428123428,-0.0329428123428,-0.0329428123428,-0.0329428123428,-0.0328836424958,-0.0329132274193,-0.0329428123428,-0.0329428123428,-0.0329428123428,-0.0329428123428,-0.0329428123428,-0.0329428123428,-0.0329428123428,-0.0329428123428,-0.0329428123428,-0.0329428123428,-0.0329428123428,-0.0329428123428,-0.0329428123428,-0.0329428123428,-0.0329428123428,-0.0329428123428,-0.0329428123428,-0.0329428123428,-0.0329428123428,-0.0329428123428,-0.0329428123428,-0.0329428123428,-0.0329428123428,-0.0329428123428,-0.0329428123428,-0.0329428123428,-0.0329428123428,-0.0329428123428